{
  "num1": {
    "Number": 1,
    "Current": 1666452902.8797164,
    "User": "asdf",
    "Use": -9
  },
  "num2": {
    "Number": 2,
    "Current": 1666447239.047718,
    "User": "",
    "Use": 38
  },
  "num3": {
    "Number": 3,
    "Current": 1666446974.512402,
    "User": "",
    "Use": 38
  },
  "num4": {
    "Number": 4,
    "Current": 1666447272.588405,
    "User": "sa",
    "Use": 0
  },
  "num5": {
    "Number": 5,
    "Current": 0.8709838,
    "User": "123",
    "Use": 38
  }
}