{
  "num1": {
    "Number": 1,
    "Current": 1666439970.770671,
    "User": "\uc57c\uc639\u314e",
    "Use": 38
  },
  "num2": {
    "Number": 2,
    "Current": 1666437330.0591555,
    "User": "B1 \ub0e0\ub0e0\ub0e0",
    "Use": 16
  },
  "num3": {
    "Number": 3,
    "Current": 1666438196.1443305,
    "User": "1",
    "Use": 0
  },
  "num4": {
    "Number": 4,
    "Current": 1666437532.3609383,
    "User": "b1",
    "Use": 1
  },
  "num5": {
    "Number": 5,
    "Current": 0.8709838,
    "User": "123",
    "Use": 38
  }
}