{
  "num1": {
    "Number": 1,
    "Current": 1666494876.650821,
    "User": "Test",
    "Use": 38
  },
  "num2": {
    "Number": 2,
    "Current": 1666511984.2440553,
    "User": "A2 \uc804\uc608\ucc2c",
    "Use": 38
  },
  "num3": {
    "Number": 3,
    "Current": 1666446974.512402,
    "User": "",
    "Use": 38
  },
  "num4": {
    "Number": 4,
    "Current": 1666447272.588405,
    "User": "sa",
    "Use": 0
  },
  "num5": {
    "Number": 5,
    "Current": 1666514656.715478,
    "User": "A2 \uc804\uc608\ucc2c",
    "Use": 40
  },
  "num6": {
    "Number": 6,
    "Current": 1666511885.8544893,
    "User": "\uc2e0\uc6d0\ubbf8\uc0c1",
    "Use": 8
  }
}