{
  "num1": {
    "Number": 1,
    "Current": 1667712831.1048656,
    "User": "\uc131\uad70",
    "Use": 43
  },
  "num2": {
    "Number": 2,
    "Current": 1666511984.2440553,
    "User": "A2 \uc804\uc608\ucc2c",
    "Use": 38
  },
  "num3": {
    "Number": 3,
    "Current": 1667214326.7612588,
    "User": "1",
    "Use": -10
  },
  "num4": {
    "Number": 4,
    "Current": 1666447272.588405,
    "User": "sa",
    "Use": 0
  },
  "num5": {
    "Number": 5,
    "Current": 1666514656.715478,
    "User": "A2 \uc804\uc608\ucc2c",
    "Use": 40
  },
  "num6": {
    "Number": 6,
    "Current": 1667215200.4115415,
    "User": "\uc131\uad70",
    "Use": 40
  }
}